energy,intensity,half_life,fraction_m,half_life_m
30.7,18,2223,0,0
133.9,0.1062,2223,0,0
9.424,28.87470827,2223,0,0
56.28,22.39764477,2223,0,0
57.535,39.04749786,2223,0,0
65.315,12.91799455,2223,0,0
66.067,16.40585308,2223,0,0
66.981,3.487858529,2223,0,0
9.114,20.222748,57433605.27,1,2223
54.608,12.61950366,57433605.27,1,2223
55.786,22.08523567,57433605.27,1,2223
63.333,7.286077872,57433605.27,1,2223
64.057,9.231460664,57433605.27,1,2223
64.935,1.945382792,57433605.27,1,2223